hairstylist_transaction_id,customer_transaction_id,transaction_date,items_used,Total_Item_Cost,Total_Service_Cost,Total_Transaction_Cost,Professional Hair Shears,Thinning Scissors,Electric Hair Clippers,Trimmer,Sectioning Clips,Tail Comb,Wide-Tooth Comb,Round Brush,Paddle Brush,Blow Dryer,Flat Iron,Curling Wand,Hair Color Brush,Mixing Bowl,Highlighting Foil,Disposable Cape,Neck Strip,Bleach Powder,Developer (Vol 20/30),Hair Glaze/Toner
HTID993,CTID993,2026-03-02,I00019,200,800,1000,0,0,0,0,0,0,0,0,0,0,0,0,0,0,0,0,0,0,1,0
HTID994,CTID994,2026-03-02,"I00009, I00016, I00010, I00020, I00015, I00005",3300,1300,4600,0,0,0,0,1,0,0,0,1,1,0,0,0,0,1,1,0,0,0,1
HTID995,CTID995,2026-03-02,"I00001, I00014, I00012, I00005",3470,2500,5970,1,0,0,0,1,0,0,0,0,0,0,1,0,1,0,0,0,0,0,0
HTID996,CTID996,2026-03-03,"I00008, I00001, I00019, I00020",2600,3000,5600,1,0,0,0,0,0,0,1,0,0,0,0,0,0,0,0,0,0,1,1
HTID997,CTID997,2026-03-03,"I00005, I00014, I00013",250,5300,5550,0,0,0,0,1,0,0,0,0,0,0,0,1,1,0,0,0,0,0,0
HTID998,CTID998,2026-03-03,"I00009, I00013",380,8000,8380,0,0,0,0,0,0,0,0,1,0,0,0,1,0,0,0,0,0,0,0
HTID999,CTID999,2026-03-04,"I00008, I00019, I00014, I00011, I00015",3320,3500,6820,0,0,0,0,0,0,0,1,0,0,1,0,0,1,1,0,0,0,1,0
HTID1000,CTID1000,2026-03-04,"I00002, I00019, I00008, I00014, I00016",1820,3200,5020,0,1,0,0,0,0,0,1,0,0,0,0,0,1,0,1,0,0,1,0
HTID1001,CTID1001,2026-03-04,"I00020, I00010, I00008",2900,3300,6200,0,0,0,0,0,0,0,1,0,1,0,0,0,0,0,0,0,0,0,1
HTID1002,CTID1002,2026-03-05,"I00018, I00009, I00017, I00003, I00013",3245,500,3745,0,0,1,0,0,0,0,0,1,0,0,0,1,0,0,0,1,1,0,0
HTID1003,CTID1003,2026-03-05,"I00011, I00014, I00019, I00015, I00002, I00009",4570,950,5520,0,1,0,0,0,0,0,0,1,0,1,0,0,1,1,0,0,0,1,0
HTID1004,CTID1004,2026-03-05,"I00008, I00013",330,4500,4830,0,0,0,0,0,0,0,1,0,0,0,0,1,0,0,0,0,0,0,0
HTID1005,CTID1005,2026-03-06,"I00007, I00006",100,1700,1800,0,0,0,0,0,1,1,0,0,0,0,0,0,0,0,0,0,0,0,0
HTID1006,CTID1006,2026-03-06,"I00005, I00018, I00019",600,5150,5750,0,0,0,0,1,0,0,0,0,0,0,0,0,0,0,0,0,1,1,0
HTID1007,CTID1007,2026-03-06,"I00008, I00009, I00004, I00018, I00015, I00016",3000,6000,9000,0,0,0,1,0,0,0,1,1,0,0,0,0,0,1,1,0,1,0,0
HTID1008,CTID1008,2026-03-07,"I00002, I00008, I00020",2100,750,2850,0,1,0,0,0,0,0,1,0,0,0,0,0,0,0,0,0,0,0,1
HTID1009,CTID1009,2026-03-07,"I00007, I00002, I00008, I00010, I00015",3760,1300,5060,0,1,0,0,0,0,1,1,0,1,0,0,0,0,1,0,0,0,0,0
HTID1010,CTID1010,2026-03-07,I00020,650,2500,3150,0,0,0,0,0,0,0,0,0,0,0,0,0,0,0,0,0,0,0,1
HTID1011,CTID1011,2026-03-08,"I00003, I00007",2560,300,2860,0,0,1,0,0,0,1,0,0,0,0,0,0,0,0,0,0,0,0,0
HTID1012,CTID1012,2026-03-08,"I00003, I00009, I00011",5300,2500,7800,0,0,1,0,0,0,0,0,1,0,1,0,0,0,0,0,0,0,0,0
HTID1013,CTID1013,2026-03-08,"I00008, I00012, I00007",2110,700,2810,0,0,0,0,0,0,1,1,0,0,0,1,0,0,0,0,0,0,0,0
HTID1014,CTID1014,2026-03-09,"I00007, I00018, I00015, I00010, I00009, I00003",5460,650,6110,0,0,1,0,0,0,1,0,1,1,0,0,0,0,1,0,0,1,0,0
HTID1015,CTID1015,2026-03-09,I00016,50,1000,1050,0,0,0,0,0,0,0,0,0,0,0,0,0,0,0,1,0,0,0,0
HTID1016,CTID1016,2026-03-09,"I00019, I00020",850,5700,6550,0,0,0,0,0,0,0,0,0,0,0,0,0,0,0,0,0,0,1,1
HTID1017,CTID1017,2026-03-10,"I00001, I00015",1750,1550,3300,1,0,0,0,0,0,0,0,0,0,0,0,0,0,1,0,0,0,0,0
HTID1018,CTID1018,2026-03-10,"I00016, I00013, I00014",250,6000,6250,0,0,0,0,0,0,0,0,0,0,0,0,1,1,0,1,0,0,0,0
HTID1019,CTID1019,2026-03-10,"I00001, I00009, I00010, I00015, I00002",5250,1350,6600,1,1,0,0,0,0,0,0,1,1,0,0,0,0,1,0,0,0,0,0
HTID1020,CTID1020,2026-03-11,"I00001, I00018, I00008, I00002",3300,500,3800,1,1,0,0,0,0,0,1,0,0,0,0,0,0,0,0,0,1,0,0
HTID1021,CTID1021,2026-03-11,"I00015, I00008, I00011, I00003",5500,5100,10600,0,0,1,0,0,0,0,1,0,0,1,0,0,0,1,0,0,0,0,0
HTID1022,CTID1022,2026-03-11,I00008,250,6200,6450,0,0,0,0,0,0,0,1,0,0,0,0,0,0,0,0,0,0,0,0
HTID1023,CTID1023,2026-03-12,"I00004, I00012, I00014, I00017, I00006, I00020",4425,3050,7475,0,0,0,1,0,1,0,0,0,0,0,1,0,1,0,0,1,0,0,1
HTID1024,CTID1024,2026-03-12,"I00015, I00020, I00009, I00007, I00013",1340,3500,4840,0,0,0,0,0,0,1,0,1,0,0,0,1,0,1,0,0,0,0,1
HTID1025,CTID1025,2026-03-12,"I00004, I00005, I00017, I00018",2215,2800,5015,0,0,0,1,1,0,0,0,0,0,0,0,0,0,0,0,1,1,0,0
HTID1026,CTID1026,2026-03-13,"I00016, I00012",1850,1550,3400,0,0,0,0,0,0,0,0,0,0,0,1,0,0,0,1,0,0,0,0
HTID1027,CTID1027,2026-03-13,"I00016, I00007",110,1700,1810,0,0,0,0,0,0,1,0,0,0,0,0,0,0,0,1,0,0,0,0
HTID1028,CTID1028,2026-03-13,"I00005, I00011",2550,2100,4650,0,0,0,0,1,0,0,0,0,0,1,0,0,0,0,0,0,0,0,0
HTID1029,CTID1029,2026-03-14,"I00020, I00017, I00004",2465,1700,4165,0,0,0,1,0,0,0,0,0,0,0,0,0,0,0,0,1,0,0,1
HTID1030,CTID1030,2026-03-14,"I00018, I00020, I00001, I00011, I00005",5050,4300,9350,1,0,0,0,1,0,0,0,0,0,1,0,0,0,0,0,0,1,0,1
HTID1031,CTID1031,2026-03-14,"I00003, I00009, I00018, I00011",5650,800,6450,0,0,1,0,0,0,0,0,1,0,1,0,0,0,0,0,0,1,0,0
HTID1032,CTID1032,2026-03-15,"I00016, I00002, I00001, I00003, I00014",5370,2500,7870,1,1,1,0,0,0,0,0,0,0,0,0,0,1,0,1,0,0,0,0
HTID1033,CTID1033,2026-03-15,"I00009, I00011, I00001",4300,3600,7900,1,0,0,0,0,0,0,0,1,0,1,0,0,0,0,0,0,0,0,0
HTID1034,CTID1034,2026-03-15,"I00007, I00009",360,800,1160,0,0,0,0,0,0,1,0,1,0,0,0,0,0,0,0,0,0,0,0
HTID1035,CTID1035,2026-03-16,"I00010, I00008",2250,450,2700,0,0,0,0,0,0,0,1,0,1,0,0,0,0,0,0,0,0,0,0
HTID1036,CTID1036,2026-03-16,"I00002, I00008, I00017",1465,2000,3465,0,1,0,0,0,0,0,1,0,0,0,0,0,0,0,0,1,0,0,0
HTID1037,CTID1037,2026-03-16,"I00009, I00003, I00008, I00020, I00016",3750,4500,8250,0,0,1,0,0,0,0,1,1,0,0,0,0,0,0,1,0,0,0,1
HTID1038,CTID1038,2026-03-17,"I00020, I00019",850,3500,4350,0,0,0,0,0,0,0,0,0,0,0,0,0,0,0,0,0,0,1,1
HTID1039,CTID1039,2026-03-17,"I00010, I00007, I00008, I00002",3510,1700,5210,0,1,0,0,0,0,1,1,0,1,0,0,0,0,0,0,0,0,0,0
HTID1040,CTID1040,2026-03-17,"I00004, I00011, I00012, I00017, I00005",6165,1650,7815,0,0,0,1,1,0,0,0,0,0,1,1,0,0,0,0,1,0,0,0
HTID1041,CTID1041,2026-03-18,"I00018, I00002",1550,3500,5050,0,1,0,0,0,0,0,0,0,0,0,0,0,0,0,0,0,1,0,0
HTID1042,CTID1042,2026-03-18,"I00010, I00016, I00017, I00012",3865,950,4815,0,0,0,0,0,0,0,0,0,1,0,1,0,0,0,1,1,0,0,0
HTID1043,CTID1043,2026-03-18,"I00004, I00008, I00002",3250,3500,6750,0,1,0,1,0,0,0,1,0,0,0,0,0,0,0,0,0,0,0,0
HTID1044,CTID1044,2026-03-19,"I00020, I00016, I00009, I00015, I00013, I00017",1345,2500,3845,0,0,0,0,0,0,0,0,1,0,0,0,1,0,1,1,1,0,0,1
HTID1045,CTID1045,2026-03-19,"I00003, I00016, I00005, I00007, I00015",2910,800,3710,0,0,1,0,1,0,1,0,0,0,0,0,0,0,1,1,0,0,0,0
HTID1046,CTID1046,2026-03-19,"I00006, I00020, I00001, I00012, I00017, I00003",6505,3500,10005,1,0,1,0,0,1,0,0,0,0,0,1,0,0,0,0,1,0,0,1
HTID1047,CTID1047,2026-03-20,"I00001, I00012, I00002, I00015, I00010, I00009",7050,650,7700,1,1,0,0,0,0,0,0,1,1,0,1,0,0,1,0,0,0,0,0
HTID1048,CTID1048,2026-03-20,I00001,1500,1000,2500,1,0,0,0,0,0,0,0,0,0,0,0,0,0,0,0,0,0,0,0
HTID1049,CTID1049,2026-03-20,"I00018, I00002, I00007, I00001",3110,4250,7360,1,1,0,0,0,0,1,0,0,0,0,0,0,0,0,0,0,1,0,0
HTID1050,CTID1050,2026-03-21,"I00004, I00014, I00017, I00012",3735,300,4035,0,0,0,1,0,0,0,0,0,0,0,1,0,1,0,0,1,0,0,0
HTID1051,CTID1051,2026-03-21,"I00012, I00006, I00014, I00010, I00007, I00018",4370,1350,5720,0,0,0,0,0,1,1,0,0,1,0,1,0,1,0,0,0,1,0,0
HTID1052,CTID1052,2026-03-21,"I00006, I00013",120,900,1020,0,0,0,0,0,1,0,0,0,0,0,0,1,0,0,0,0,0,0,0
HTID1053,CTID1053,2026-03-22,I00006,40,1450,1490,0,0,0,0,0,1,0,0,0,0,0,0,0,0,0,0,0,0,0,0
HTID1054,CTID1054,2026-03-22,"I00004, I00009, I00012, I00007",3960,1450,5410,0,0,0,1,0,0,1,0,1,0,0,1,0,0,0,0,0,0,0,0
HTID1055,CTID1055,2026-03-22,I00006,40,1650,1690,0,0,0,0,0,1,0,0,0,0,0,0,0,0,0,0,0,0,0,0
HTID1056,CTID1056,2026-03-23,"I00020, I00015",900,300,1200,0,0,0,0,0,0,0,0,0,0,0,0,0,0,1,0,0,0,0,1
HTID1057,CTID1057,2026-03-23,"I00020, I00007, I00003, I00016, I00004",5060,500,5560,0,0,1,1,0,0,1,0,0,0,0,0,0,0,0,1,0,0,0,1
HTID1058,CTID1058,2026-03-23,"I00005, I00020, I00019, I00014",1020,2500,3520,0,0,0,0,1,0,0,0,0,0,0,0,0,1,0,0,0,0,1,1
HTID1059,CTID1059,2026-03-24,"I00003, I00018, I00016, I00017, I00012, I00001",6215,3650,9865,1,0,1,0,0,0,0,0,0,0,0,1,0,0,0,1,1,1,0,0
HTID1060,CTID1060,2026-03-24,"I00003, I00005, I00014",2670,500,3170,0,0,1,0,1,0,0,0,0,0,0,0,0,1,0,0,0,0,0,0
HTID1061,CTID1061,2026-03-24,"I00020, I00010, I00012, I00016, I00006, I00004",6340,350,6690,0,0,0,1,0,1,0,0,0,1,0,1,0,0,0,1,0,0,0,1
HTID1062,CTID1062,2026-03-25,"I00012, I00011, I00003",6800,1000,7800,0,0,1,0,0,0,0,0,0,0,1,1,0,0,0,0,0,0,0,0
HTID1063,CTID1063,2026-03-25,"I00014, I00005, I00020",820,4050,4870,0,0,0,0,1,0,0,0,0,0,0,0,0,1,0,0,0,0,0,1
HTID1064,CTID1064,2026-03-25,"I00020, I00006, I00018, I00014, I00017",1175,800,1975,0,0,0,0,0,1,0,0,0,0,0,0,0,1,0,0,1,1,0,1
HTID1065,CTID1065,2026-03-26,"I00013, I00008, I00018, I00004, I00016, I00014",2650,650,3300,0,0,0,1,0,0,0,1,0,0,0,0,1,1,0,1,0,1,0,0
HTID1066,CTID1066,2026-03-26,"I00020, I00019, I00001, I00011",4850,600,5450,1,0,0,0,0,0,0,0,0,0,1,0,0,0,0,0,0,0,1,1
HTID1067,CTID1067,2026-03-26,"I00015, I00004, I00009, I00001, I00013, I00017",3945,6500,10445,1,0,0,1,0,0,0,0,1,0,0,0,1,0,1,0,1,0,0,0
HTID1068,CTID1068,2026-03-27,"I00004, I00010, I00002, I00018",5350,800,6150,0,1,0,1,0,0,0,0,0,1,0,0,0,0,0,0,0,1,0,0
HTID1069,CTID1069,2026-03-27,"I00008, I00019",450,1300,1750,0,0,0,0,0,0,0,1,0,0,0,0,0,0,0,0,0,0,1,0
HTID1070,CTID1070,2026-03-27,"I00006, I00020, I00011",3190,300,3490,0,0,0,0,0,1,0,0,0,0,1,0,0,0,0,0,0,0,0,1
HTID1071,CTID1071,2026-03-28,"I00005, I00006, I00019, I00003, I00013",2870,1100,3970,0,0,1,0,1,1,0,0,0,0,0,0,1,0,0,0,0,0,1,0
HTID1072,CTID1072,2026-03-28,"I00004, I00005, I00020",2500,3300,5800,0,0,0,1,1,0,0,0,0,0,0,0,0,0,0,0,0,0,0,1
HTID1073,CTID1073,2026-03-28,"I00017, I00013, I00005, I00014, I00016",315,2500,2815,0,0,0,0,1,0,0,0,0,0,0,0,1,1,0,1,1,0,0,0
HTID1074,CTID1074,2026-03-29,I00012,1800,300,2100,0,0,0,0,0,0,0,0,0,0,0,1,0,0,0,0,0,0,0,0
HTID1075,CTID1075,2026-03-29,"I00002, I00011, I00006, I00013, I00009, I00016",4170,750,4920,0,1,0,0,0,1,0,0,1,0,1,0,1,0,0,1,0,0,0,0
HTID1076,CTID1076,2026-03-29,"I00019, I00007, I00015, I00004, I00008",2560,850,3410,0,0,0,1,0,0,1,1,0,0,0,0,0,0,1,0,0,0,1,0
HTID1077,CTID1077,2026-03-30,"I00012, I00001, I00014, I00006, I00016",3510,6150,9660,1,0,0,0,0,1,0,0,0,0,0,1,0,1,0,1,0,0,0,0
HTID1078,CTID1078,2026-03-30,"I00014, I00018, I00013, I00010",2550,150,2700,0,0,0,0,0,0,0,0,0,1,0,0,1,1,0,0,0,1,0,0
HTID1079,CTID1079,2026-03-30,I00019,200,2000,2200,0,0,0,0,0,0,0,0,0,0,0,0,0,0,0,0,0,0,1,0
HTID1080,CTID1080,2026-03-31,"I00015, I00019, I00010, I00016, I00004",4300,2200,6500,0,0,0,1,0,0,0,0,0,1,0,0,0,0,1,1,0,0,1,0
HTID1081,CTID1081,2026-03-31,"I00013, I00009, I00003",2880,1400,4280,0,0,1,0,0,0,0,0,1,0,0,0,1,0,0,0,0,0,0,0
HTID1082,CTID1082,2026-03-31,"I00017, I00020, I00008, I00004",2715,3500,6215,0,0,0,1,0,0,0,1,0,0,0,0,0,0,0,0,1,0,0,1
HTID1083,CTID1083,2026-04-01,"I00010, I00001, I00011, I00004",7800,1250,9050,1,0,0,1,0,0,0,0,0,1,1,0,0,0,0,0,0,0,0,0
HTID1084,CTID1084,2026-04-01,"I00014, I00007, I00013, I00016, I00004",2110,5300,7410,0,0,0,1,0,0,1,0,0,0,0,0,1,1,0,1,0,0,0,0
HTID1085,CTID1085,2026-04-01,"I00017, I00004, I00019, I00003",4515,6800,11315,0,0,1,1,0,0,0,0,0,0,0,0,0,0,0,0,1,0,1,0
HTID1086,CTID1086,2026-04-02,"I00011, I00009, I00013, I00002",4080,1050,5130,0,1,0,0,0,0,0,0,1,0,1,0,1,0,0,0,0,0,0,0
HTID1087,CTID1087,2026-04-02,"I00001, I00011, I00012, I00002",7000,4000,11000,1,1,0,0,0,0,0,0,0,0,1,1,0,0,0,0,0,0,0,0
HTID1088,CTID1088,2026-04-02,"I00007, I00006",100,650,750,0,0,0,0,0,1,1,0,0,0,0,0,0,0,0,0,0,0,0,0
HTID1089,CTID1089,2026-04-03,"I00003, I00008, I00007, I00016",2860,2800,5660,0,0,1,0,0,0,1,1,0,0,0,0,0,0,0,1,0,0,0,0
HTID1090,CTID1090,2026-04-03,"I00013, I00012, I00011, I00001, I00009, I00019",6380,6300,12680,1,0,0,0,0,0,0,0,1,0,1,1,1,0,0,0,0,0,1,0
HTID1091,CTID1091,2026-04-03,"I00007, I00014, I00005, I00012",2030,3000,5030,0,0,0,0,1,0,1,0,0,0,0,1,0,1,0,0,0,0,0,0
HTID1092,CTID1092,2026-04-04,"I00011, I00015, I00008",3000,2800,5800,0,0,0,0,0,0,0,1,0,0,1,0,0,0,1,0,0,0,0,0
HTID1093,CTID1093,2026-04-04,I00002,1200,6300,7500,0,1,0,0,0,0,0,0,0,0,0,0,0,0,0,0,0,0,0,0
HTID1094,CTID1094,2026-04-04,"I00012, I00018, I00008, I00005, I00001, I00013",4030,2500,6530,1,0,0,0,1,0,0,1,0,0,0,1,1,0,0,0,0,1,0,0
HTID1095,CTID1095,2026-04-05,"I00010, I00020, I00017, I00002, I00001, I00011",7865,750,8615,1,1,0,0,0,0,0,0,0,1,1,0,0,0,0,0,1,0,0,1
HTID1096,CTID1096,2026-04-05,"I00015, I00018, I00008, I00012, I00003, I00009",5450,4050,9500,0,0,1,0,0,0,0,1,1,0,0,1,0,0,1,0,0,1,0,0
HTID1097,CTID1097,2026-04-05,"I00015, I00001, I00019, I00003",4450,2200,6650,1,0,1,0,0,0,0,0,0,0,0,0,0,0,1,0,0,0,1,0
HTID1098,CTID1098,2026-04-06,I00003,2500,5300,7800,0,0,1,0,0,0,0,0,0,0,0,0,0,0,0,0,0,0,0,0
HTID1099,CTID1099,2026-04-06,I00017,15,1300,1315,0,0,0,0,0,0,0,0,0,0,0,0,0,0,0,0,1,0,0,0
HTID1100,CTID1100,2026-04-06,"I00002, I00012, I00004",4800,350,5150,0,1,0,1,0,0,0,0,0,0,0,1,0,0,0,0,0,0,0,0
HTID1101,CTID1101,2026-04-07,"I00011, I00003, I00009",5300,1600,6900,0,0,1,0,0,0,0,0,1,0,1,0,0,0,0,0,0,0,0,0
HTID1102,CTID1102,2026-04-07,"I00020, I00003, I00001, I00013",4730,3100,7830,1,0,1,0,0,0,0,0,0,0,0,0,1,0,0,0,0,0,0,1
HTID1103,CTID1103,2026-04-07,I00015,250,2500,2750,0,0,0,0,0,0,0,0,0,0,0,0,0,0,1,0,0,0,0,0
HTID1104,CTID1104,2026-04-08,I00008,250,4150,4400,0,0,0,0,0,0,0,1,0,0,0,0,0,0,0,0,0,0,0,0
HTID1105,CTID1105,2026-04-08,I00003,2500,2350,4850,0,0,1,0,0,0,0,0,0,0,0,0,0,0,0,0,0,0,0,0
HTID1106,CTID1106,2026-04-08,"I00004, I00013, I00018",2230,1400,3630,0,0,0,1,0,0,0,0,0,0,0,0,1,0,0,0,0,1,0,0
HTID1107,CTID1107,2026-04-09,"I00009, I00010, I00016, I00014, I00011, I00012",6770,800,7570,0,0,0,0,0,0,0,0,1,1,1,1,0,1,0,1,0,0,0,0
HTID1108,CTID1108,2026-04-09,"I00008, I00016, I00017",315,3350,3665,0,0,0,0,0,0,0,1,0,0,0,0,0,0,0,1,1,0,0,0
HTID1109,CTID1109,2026-04-09,"I00013, I00016, I00005, I00012, I00006, I00018",2370,2000,4370,0,0,0,0,1,1,0,0,0,0,0,1,1,0,0,1,0,1,0,0
HTID1110,CTID1110,2026-04-10,"I00017, I00016, I00002, I00009",1565,1650,3215,0,1,0,0,0,0,0,0,1,0,0,0,0,0,0,1,1,0,0,0
HTID1111,CTID1111,2026-04-10,"I00018, I00006, I00010, I00019, I00001, I00002",5290,1450,6740,1,1,0,0,0,1,0,0,0,1,0,0,0,0,0,0,0,1,1,0
HTID1112,CTID1112,2026-04-10,"I00004, I00007, I00002, I00012, I00018, I00017",5225,800,6025,0,1,0,1,0,0,1,0,0,0,0,1,0,0,0,0,1,1,0,0
HTID1113,CTID1113,2026-04-11,"I00003, I00001, I00020, I00016",4700,5300,10000,1,0,1,0,0,0,0,0,0,0,0,0,0,0,0,1,0,0,0,1
HTID1114,CTID1114,2026-04-11,"I00018, I00019, I00008, I00002",2000,350,2350,0,1,0,0,0,0,0,1,0,0,0,0,0,0,0,0,0,1,1,0
HTID1115,CTID1115,2026-04-11,I00004,1800,4050,5850,0,0,0,1,0,0,0,0,0,0,0,0,0,0,0,0,0,0,0,0
HTID1116,CTID1116,2026-04-12,"I00013, I00001, I00016",1630,1600,3230,1,0,0,0,0,0,0,0,0,0,0,0,1,0,0,1,0,0,0,0
HTID1117,CTID1117,2026-04-12,"I00011, I00018, I00003",5350,600,5950,0,0,1,0,0,0,0,0,0,0,1,0,0,0,0,0,0,1,0,0
HTID1118,CTID1118,2026-04-12,"I00020, I00006, I00001",2190,600,2790,1,0,0,0,0,1,0,0,0,0,0,0,0,0,0,0,0,0,0,1
HTID1119,CTID1119,2026-04-13,"I00015, I00011",2750,8650,11400,0,0,0,0,0,0,0,0,0,0,1,0,0,0,1,0,0,0,0,0
HTID1120,CTID1120,2026-04-13,"I00004, I00015, I00008",2300,3450,5750,0,0,0,1,0,0,0,1,0,0,0,0,0,0,1,0,0,0,0,0
HTID1121,CTID1121,2026-04-13,"I00003, I00010, I00011, I00019, I00002, I00004",10200,4050,14250,0,1,1,1,0,0,0,0,0,1,1,0,0,0,0,0,0,0,1,0
HTID1122,CTID1122,2026-04-14,"I00006, I00002, I00007, I00001",2800,5000,7800,1,1,0,0,0,1,1,0,0,0,0,0,0,0,0,0,0,0,0,0
HTID1123,CTID1123,2026-04-14,"I00015, I00010, I00017, I00018",2615,800,3415,0,0,0,0,0,0,0,0,0,1,0,0,0,0,1,0,1,1,0,0
HTID1124,CTID1124,2026-04-14,"I00002, I00015, I00009, I00013, I00008",2080,3000,5080,0,1,0,0,0,0,0,1,1,0,0,0,1,0,1,0,0,0,0,0
HTID1125,CTID1125,2026-04-15,"I00019, I00011",2700,3650,6350,0,0,0,0,0,0,0,0,0,0,1,0,0,0,0,0,0,0,1,0
HTID1126,CTID1126,2026-04-15,"I00007, I00008, I00014, I00011, I00006, I00002",4170,5150,9320,0,1,0,0,0,1,1,1,0,0,1,0,0,1,0,0,0,0,0,0
HTID1127,CTID1127,2026-04-15,I00016,50,2950,3000,0,0,0,0,0,0,0,0,0,0,0,0,0,0,0,1,0,0,0,0
HTID1128,CTID1128,2026-04-16,"I00014, I00016, I00008",420,1550,1970,0,0,0,0,0,0,0,1,0,0,0,0,0,1,0,1,0,0,0,0
HTID1129,CTID1129,2026-04-16,"I00015, I00008",500,2500,3000,0,0,0,0,0,0,0,1,0,0,0,0,0,0,1,0,0,0,0,0
HTID1130,CTID1130,2026-04-16,"I00013, I00018, I00004, I00011",4730,1100,5830,0,0,0,1,0,0,0,0,0,0,1,0,1,0,0,0,0,1,0,0
HTID1131,CTID1131,2026-04-17,"I00006, I00004, I00011",4340,3700,8040,0,0,0,1,0,1,0,0,0,0,1,0,0,0,0,0,0,0,0,0
HTID1132,CTID1132,2026-04-17,"I00002, I00010, I00017, I00009, I00004, I00014",5435,800,6235,0,1,0,1,0,0,0,0,1,1,0,0,0,1,0,0,1,0,0,0
HTID1133,CTID1133,2026-04-17,"I00015, I00011",2750,650,3400,0,0,0,0,0,0,0,0,0,0,1,0,0,0,1,0,0,0,0,0
HTID1134,CTID1134,2026-04-18,"I00014, I00005, I00004, I00006, I00003",4510,4350,8860,0,0,1,1,1,1,0,0,0,0,0,0,0,1,0,0,0,0,0,0
HTID1135,CTID1135,2026-04-18,"I00015, I00001, I00002, I00016, I00005",3050,3000,6050,1,1,0,0,1,0,0,0,0,0,0,0,0,0,1,1,0,0,0,0
HTID1136,CTID1136,2026-04-18,"I00019, I00015, I00009, I00013, I00014, I00012",2750,300,3050,0,0,0,0,0,0,0,0,1,0,0,1,1,1,1,0,0,0,1,0
HTID1137,CTID1137,2026-04-19,"I00016, I00020",700,1300,2000,0,0,0,0,0,0,0,0,0,0,0,0,0,0,0,1,0,0,0,1
HTID1138,CTID1138,2026-04-19,"I00008, I00007, I00019, I00012, I00005, I00016",2410,3100,5510,0,0,0,0,1,0,1,1,0,0,0,1,0,0,0,1,0,0,1,0
HTID1139,CTID1139,2026-04-19,"I00016, I00012, I00003",4350,4350,8700,0,0,1,0,0,0,0,0,0,0,0,1,0,0,0,1,0,0,0,0
HTID1140,CTID1140,2026-04-20,I00019,200,2500,2700,0,0,0,0,0,0,0,0,0,0,0,0,0,0,0,0,0,0,1,0
HTID1141,CTID1141,2026-04-20,"I00020, I00005, I00016, I00004",2550,3500,6050,0,0,0,1,1,0,0,0,0,0,0,0,0,0,0,1,0,0,0,1
HTID1142,CTID1142,2026-04-20,"I00020, I00004, I00006, I00011, I00012",6790,250,7040,0,0,0,1,0,1,0,0,0,0,1,1,0,0,0,0,0,0,0,1
HTID1143,CTID1143,2026-04-21,"I00013, I00008, I00009, I00020, I00012, I00002",4280,1300,5580,0,1,0,0,0,0,0,1,1,0,0,1,1,0,0,0,0,0,0,1
HTID1144,CTID1144,2026-04-21,"I00019, I00007, I00015, I00001, I00002",3210,800,4010,1,1,0,0,0,0,1,0,0,0,0,0,0,0,1,0,0,0,1,0
HTID1145,CTID1145,2026-04-21,"I00005, I00018, I00013, I00009",780,3600,4380,0,0,0,0,1,0,0,0,1,0,0,0,1,0,0,0,0,1,0,0
HTID1146,CTID1146,2026-04-22,"I00013, I00014",200,300,500,0,0,0,0,0,0,0,0,0,0,0,0,1,1,0,0,0,0,0,0
HTID1147,CTID1147,2026-04-22,"I00002, I00019, I00005",1450,2500,3950,0,1,0,0,1,0,0,0,0,0,0,0,0,0,0,0,0,0,1,0
HTID1148,CTID1148,2026-04-22,"I00006, I00011, I00007, I00004",4400,4450,8850,0,0,0,1,0,1,1,0,0,0,1,0,0,0,0,0,0,0,0,0
HTID1149,CTID1149,2026-04-23,"I00010, I00016, I00020, I00004, I00011, I00002",8200,1150,9350,0,1,0,1,0,0,0,0,0,1,1,0,0,0,0,1,0,0,0,1
HTID1150,CTID1150,2026-04-23,I00016,50,350,400,0,0,0,0,0,0,0,0,0,0,0,0,0,0,0,1,0,0,0,0
HTID1151,CTID1151,2026-04-23,"I00011, I00010, I00017, I00004, I00007, I00003",8875,750,9625,0,0,1,1,0,0,1,0,0,1,1,0,0,0,0,0,1,0,0,0
HTID1152,CTID1152,2026-04-24,"I00001, I00019",1700,1100,2800,1,0,0,0,0,0,0,0,0,0,0,0,0,0,0,0,0,0,1,0
HTID1153,CTID1153,2026-04-24,"I00017, I00005, I00010",2065,2500,4565,0,0,0,0,1,0,0,0,0,1,0,0,0,0,0,0,1,0,0,0
HTID1154,CTID1154,2026-04-24,I00006,40,250,290,0,0,0,0,0,1,0,0,0,0,0,0,0,0,0,0,0,0,0,0
HTID1155,CTID1155,2026-04-25,"I00004, I00005, I00007, I00016, I00002",3160,3300,6460,0,1,0,1,1,0,1,0,0,0,0,0,0,0,0,1,0,0,0,0
HTID1156,CTID1156,2026-04-25,"I00005, I00013, I00007, I00008, I00012",2240,6500,8740,0,0,0,0,1,0,1,1,0,0,0,1,1,0,0,0,0,0,0,0
HTID1157,CTID1157,2026-04-25,"I00010, I00001, I00003, I00017",6015,3500,9515,1,0,1,0,0,0,0,0,0,1,0,0,0,0,0,0,1,0,0,0
HTID1158,CTID1158,2026-04-26,"I00008, I00004, I00007, I00013",2190,300,2490,0,0,0,1,0,0,1,1,0,0,0,0,1,0,0,0,0,0,0,0
HTID1159,CTID1159,2026-04-26,I00017,15,4000,4015,0,0,0,0,0,0,0,0,0,0,0,0,0,0,0,0,1,0,0,0
HTID1160,CTID1160,2026-04-26,"I00019, I00007, I00006, I00009, I00003",3100,5500,8600,0,0,1,0,0,1,1,0,1,0,0,0,0,0,0,0,0,0,1,0
HTID1161,CTID1161,2026-04-27,"I00013, I00017",95,1250,1345,0,0,0,0,0,0,0,0,0,0,0,0,1,0,0,0,1,0,0,0
HTID1162,CTID1162,2026-04-27,"I00012, I00019, I00001",3500,650,4150,1,0,0,0,0,0,0,0,0,0,0,1,0,0,0,0,0,0,1,0
HTID1163,CTID1163,2026-04-27,"I00005, I00004, I00010, I00020, I00011, I00017",7015,3350,10365,0,0,0,1,1,0,0,0,0,1,1,0,0,0,0,0,1,0,0,1
HTID1164,CTID1164,2026-04-28,I00020,650,1350,2000,0,0,0,0,0,0,0,0,0,0,0,0,0,0,0,0,0,0,0,1
HTID1165,CTID1165,2026-04-28,"I00018, I00006, I00017, I00011",2905,1850,4755,0,0,0,0,0,1,0,0,0,0,1,0,0,0,0,0,1,1,0,0
HTID1166,CTID1166,2026-04-28,"I00020, I00017",665,3250,3915,0,0,0,0,0,0,0,0,0,0,0,0,0,0,0,0,1,0,0,1
HTID1167,CTID1167,2026-04-29,"I00018, I00020, I00012, I00003, I00001",6800,1350,8150,1,0,1,0,0,0,0,0,0,0,0,1,0,0,0,0,0,1,0,1
HTID1168,CTID1168,2026-04-29,"I00007, I00008, I00010, I00017, I00014",2445,1200,3645,0,0,0,0,0,0,1,1,0,1,0,0,0,1,0,0,1,0,0,0
HTID1169,CTID1169,2026-04-29,"I00005, I00011, I00010, I00002, I00008, I00003",8500,800,9300,0,1,1,0,1,0,0,1,0,1,1,0,0,0,0,0,0,0,0,0
HTID1170,CTID1170,2026-04-30,"I00013, I00002, I00009",1580,7500,9080,0,1,0,0,0,0,0,0,1,0,0,0,1,0,0,0,0,0,0,0
HTID1171,CTID1171,2026-04-30,"I00011, I00007, I00017, I00002",3775,1200,4975,0,1,0,0,0,0,1,0,0,0,1,0,0,0,0,0,1,0,0,0
HTID1172,CTID1172,2026-04-30,"I00002, I00018, I00005, I00016",1650,1050,2700,0,1,0,0,1,0,0,0,0,0,0,0,0,0,0,1,0,1,0,0
HTID1173,CTID1173,2026-05-01,"I00007, I00004",1860,7250,9110,0,0,0,1,0,0,1,0,0,0,0,0,0,0,0,0,0,0,0,0
HTID1174,CTID1174,2026-05-01,"I00005, I00006, I00009, I00012, I00010",4190,650,4840,0,0,0,0,1,1,0,0,1,1,0,1,0,0,0,0,0,0,0,0
HTID1175,CTID1175,2026-05-01,"I00011, I00018, I00001",4350,800,5150,1,0,0,0,0,0,0,0,0,0,1,0,0,0,0,0,0,1,0,0
HTID1176,CTID1176,2026-05-02,"I00018, I00011",2850,1300,4150,0,0,0,0,0,0,0,0,0,0,1,0,0,0,0,0,0,1,0,0
HTID1177,CTID1177,2026-05-02,"I00015, I00012, I00009, I00016, I00008, I00001",4150,350,4500,1,0,0,0,0,0,0,1,1,0,0,1,0,0,1,1,0,0,0,0
HTID1178,CTID1178,2026-05-02,I00004,1800,900,2700,0,0,0,1,0,0,0,0,0,0,0,0,0,0,0,0,0,0,0,0
HTID1179,CTID1179,2026-05-03,"I00011, I00002, I00017",3715,500,4215,0,1,0,0,0,0,0,0,0,0,1,0,0,0,0,0,1,0,0,0
HTID1180,CTID1180,2026-05-03,"I00017, I00014, I00013",215,7000,7215,0,0,0,0,0,0,0,0,0,0,0,0,1,1,0,0,1,0,0,0
HTID1181,CTID1181,2026-05-03,"I00008, I00005, I00012",2100,350,2450,0,0,0,0,1,0,0,1,0,0,0,1,0,0,0,0,0,0,0,0
HTID1182,CTID1182,2026-05-04,"I00012, I00002",3000,4500,7500,0,1,0,0,0,0,0,0,0,0,0,1,0,0,0,0,0,0,0,0
HTID1183,CTID1183,2026-05-04,"I00017, I00003, I00019, I00006, I00005",2805,2000,4805,0,0,1,0,1,1,0,0,0,0,0,0,0,0,0,0,1,0,1,0
HTID1184,CTID1184,2026-05-04,"I00012, I00009, I00005, I00006, I00017",2205,1350,3555,0,0,0,0,1,1,0,0,1,0,0,1,0,0,0,0,1,0,0,0
HTID1185,CTID1185,2026-05-05,"I00015, I00016, I00019, I00014, I00007, I00011",3180,500,3680,0,0,0,0,0,0,1,0,0,0,1,0,0,1,1,1,0,0,1,0
HTID1186,CTID1186,2026-05-05,"I00002, I00020, I00003, I00006",4390,250,4640,0,1,1,0,0,1,0,0,0,0,0,0,0,0,0,0,0,0,0,1
HTID1187,CTID1187,2026-05-05,I00012,1800,2500,4300,0,0,0,0,0,0,0,0,0,0,0,1,0,0,0,0,0,0,0,0
HTID1188,CTID1188,2026-05-06,"I00010, I00014, I00002, I00015, I00020",4220,5700,9920,0,1,0,0,0,0,0,0,0,1,0,0,0,1,1,0,0,0,0,1
HTID1189,CTID1189,2026-05-06,I00011,2500,800,3300,0,0,0,0,0,0,0,0,0,0,1,0,0,0,0,0,0,0,0,0
HTID1190,CTID1190,2026-05-06,I00010,2000,5000,7000,0,0,0,0,0,0,0,0,0,1,0,0,0,0,0,0,0,0,0,0
HTID1191,CTID1191,2026-05-07,"I00019, I00012, I00009, I00004, I00017",4115,3850,7965,0,0,0,1,0,0,0,0,1,0,0,1,0,0,0,0,1,0,1,0
HTID1192,CTID1192,2026-05-07,"I00006, I00018, I00001, I00014, I00010, I00017",4025,850,4875,1,0,0,0,0,1,0,0,0,1,0,0,0,1,0,0,1,1,0,0
HTID1193,CTID1193,2026-05-07,"I00020, I00003, I00009, I00012, I00019",5450,800,6250,0,0,1,0,0,0,0,0,1,0,0,1,0,0,0,0,0,0,1,1
HTID1194,CTID1194,2026-05-08,"I00006, I00016, I00020, I00008, I00015",1240,1650,2890,0,0,0,0,0,1,0,1,0,0,0,0,0,0,1,1,0,0,0,1
HTID1195,CTID1195,2026-05-08,"I00012, I00018",2150,4500,6650,0,0,0,0,0,0,0,0,0,0,0,1,0,0,0,0,0,1,0,0
HTID1196,CTID1196,2026-05-08,"I00002, I00010, I00011",5700,950,6650,0,1,0,0,0,0,0,0,0,1,1,0,0,0,0,0,0,0,0,0
HTID1197,CTID1197,2026-05-09,I00019,200,5750,5950,0,0,0,0,0,0,0,0,0,0,0,0,0,0,0,0,0,0,1,0
HTID1198,CTID1198,2026-05-09,"I00010, I00019, I00001, I00017",3715,2500,6215,1,0,0,0,0,0,0,0,0,1,0,0,0,0,0,0,1,0,1,0
HTID1199,CTID1199,2026-05-09,"I00016, I00001, I00008, I00002",3000,950,3950,1,1,0,0,0,0,0,1,0,0,0,0,0,0,0,1,0,0,0,0
HTID1200,CTID1200,2026-05-10,"I00001, I00014, I00019",1820,1950,3770,1,0,0,0,0,0,0,0,0,0,0,0,0,1,0,0,0,0,1,0
HTID1201,CTID1201,2026-05-10,I00007,60,3000,3060,0,0,0,0,0,0,1,0,0,0,0,0,0,0,0,0,0,0,0,0
HTID1202,CTID1202,2026-05-10,"I00009, I00001",1800,650,2450,1,0,0,0,0,0,0,0,1,0,0,0,0,0,0,0,0,0,0,0
HTID1203,CTID1203,2026-05-11,"I00016, I00008, I00013, I00012",2180,5100,7280,0,0,0,0,0,0,0,1,0,0,0,1,1,0,0,1,0,0,0,0
HTID1204,CTID1204,2026-05-11,"I00002, I00010, I00003, I00007, I00011, I00017",8275,2500,10775,0,1,1,0,0,0,1,0,0,1,1,0,0,0,0,0,1,0,0,0
HTID1205,CTID1205,2026-05-11,"I00009, I00010, I00018, I00002, I00015, I00003",6600,4500,11100,0,1,1,0,0,0,0,0,1,1,0,0,0,0,1,0,0,1,0,0
HTID1206,CTID1206,2026-05-12,"I00008, I00006, I00007, I00016, I00010",2400,800,3200,0,0,0,0,0,1,1,1,0,1,0,0,0,0,0,1,0,0,0,0
HTID1207,CTID1207,2026-05-12,I00006,40,750,790,0,0,0,0,0,1,0,0,0,0,0,0,0,0,0,0,0,0,0,0
HTID1208,CTID1208,2026-05-12,"I00010, I00012, I00014, I00007, I00001, I00019",5680,3800,9480,1,0,0,0,0,0,1,0,0,1,0,1,0,1,0,0,0,0,1,0
HTID1209,CTID1209,2026-05-13,"I00015, I00012, I00016, I00004, I00009, I00020",4850,1450,6300,0,0,0,1,0,0,0,0,1,0,0,1,0,0,1,1,0,0,0,1
HTID1210,CTID1210,2026-05-13,"I00016, I00006, I00005, I00008",390,5600,5990,0,0,0,0,1,1,0,1,0,0,0,0,0,0,0,1,0,0,0,0
HTID1211,CTID1211,2026-05-13,"I00009, I00017, I00003, I00016",2865,1700,4565,0,0,1,0,0,0,0,0,1,0,0,0,0,0,0,1,1,0,0,0
HTID1212,CTID1212,2026-05-14,"I00013, I00018, I00012",2230,3400,5630,0,0,0,0,0,0,0,0,0,0,0,1,1,0,0,0,0,1,0,0
HTID1213,CTID1213,2026-05-14,"I00020, I00009, I00014, I00019",1270,5550,6820,0,0,0,0,0,0,0,0,1,0,0,0,0,1,0,0,0,0,1,1
HTID1214,CTID1214,2026-05-14,"I00017, I00013, I00014, I00019",415,650,1065,0,0,0,0,0,0,0,0,0,0,0,0,1,1,0,0,1,0,1,0
HTID1215,CTID1215,2026-05-15,"I00017, I00006, I00012, I00010, I00011",6355,250,6605,0,0,0,0,0,1,0,0,0,1,1,1,0,0,0,0,1,0,0,0
HTID1216,CTID1216,2026-05-15,"I00018, I00001, I00017",1865,2850,4715,1,0,0,0,0,0,0,0,0,0,0,0,0,0,0,0,1,1,0,0
HTID1217,CTID1217,2026-05-15,"I00010, I00017, I00013",2095,750,2845,0,0,0,0,0,0,0,0,0,1,0,0,1,0,0,0,1,0,0,0
HTID1218,CTID1218,2026-05-16,"I00001, I00017, I00020, I00018, I00016, I00012",4365,3500,7865,1,0,0,0,0,0,0,0,0,0,0,1,0,0,0,1,1,1,0,1
HTID1219,CTID1219,2026-05-16,"I00004, I00007, I00014",1980,2500,4480,0,0,0,1,0,0,1,0,0,0,0,0,0,1,0,0,0,0,0,0
HTID1220,CTID1220,2026-05-16,"I00006, I00016",90,3000,3090,0,0,0,0,0,1,0,0,0,0,0,0,0,0,0,1,0,0,0,0
HTID1221,CTID1221,2026-05-17,"I00012, I00007",1860,250,2110,0,0,0,0,0,0,1,0,0,0,0,1,0,0,0,0,0,0,0,0
HTID1222,CTID1222,2026-05-17,"I00018, I00009",650,2100,2750,0,0,0,0,0,0,0,0,1,0,0,0,0,0,0,0,0,1,0,0
HTID1223,CTID1223,2026-05-17,"I00009, I00006, I00002, I00004, I00010",5340,6500,11840,0,1,0,1,0,1,0,0,1,1,0,0,0,0,0,0,0,0,0,0
HTID1224,CTID1224,2026-05-18,I00009,300,3850,4150,0,0,0,0,0,0,0,0,1,0,0,0,0,0,0,0,0,0,0,0
HTID1225,CTID1225,2026-05-18,"I00013, I00012, I00020",2530,4500,7030,0,0,0,0,0,0,0,0,0,0,0,1,1,0,0,0,0,0,0,1
HTID1226,CTID1226,2026-05-18,"I00001, I00014, I00016, I00013",1750,2450,4200,1,0,0,0,0,0,0,0,0,0,0,0,1,1,0,1,0,0,0,0
HTID1227,CTID1227,2026-05-19,I00017,15,800,815,0,0,0,0,0,0,0,0,0,0,0,0,0,0,0,0,1,0,0,0
HTID1228,CTID1228,2026-05-19,"I00011, I00014, I00006",2660,1350,4010,0,0,0,0,0,1,0,0,0,0,1,0,0,1,0,0,0,0,0,0
HTID1229,CTID1229,2026-05-19,"I00018, I00012, I00005",2200,500,2700,0,0,0,0,1,0,0,0,0,0,0,1,0,0,0,0,0,1,0,0
HTID1230,CTID1230,2026-05-20,"I00007, I00014, I00003",2680,150,2830,0,0,1,0,0,0,1,0,0,0,0,0,0,1,0,0,0,0,0,0
HTID1231,CTID1231,2026-05-20,"I00016, I00002, I00004, I00020, I00012, I00008",5750,800,6550,0,1,0,1,0,0,0,1,0,0,0,1,0,0,0,1,0,0,0,1
HTID1232,CTID1232,2026-05-20,I00014,120,750,870,0,0,0,0,0,0,0,0,0,0,0,0,0,1,0,0,0,0,0,0
HTID1233,CTID1233,2026-05-21,I00020,650,6500,7150,0,0,0,0,0,0,0,0,0,0,0,0,0,0,0,0,0,0,0,1
HTID1234,CTID1234,2026-05-21,"I00007, I00015, I00019, I00016",560,500,1060,0,0,0,0,0,0,1,0,0,0,0,0,0,0,1,1,0,0,1,0
HTID1235,CTID1235,2026-05-21,"I00003, I00014, I00001",4120,1650,5770,1,0,1,0,0,0,0,0,0,0,0,0,0,1,0,0,0,0,0,0
HTID1236,CTID1236,2026-05-22,"I00020, I00017, I00015, I00010",2915,6000,8915,0,0,0,0,0,0,0,0,0,1,0,0,0,0,1,0,1,0,0,1
HTID1237,CTID1237,2026-05-22,"I00007, I00013, I00004, I00008, I00003",4690,2500,7190,0,0,1,1,0,0,1,1,0,0,0,0,1,0,0,0,0,0,0,0
HTID1238,CTID1238,2026-05-22,I00015,250,300,550,0,0,0,0,0,0,0,0,0,0,0,0,0,0,1,0,0,0,0,0
HTID1239,CTID1239,2026-05-23,"I00003, I00015",2750,2050,4800,0,0,1,0,0,0,0,0,0,0,0,0,0,0,1,0,0,0,0,0
HTID1240,CTID1240,2026-05-23,"I00015, I00014",370,3500,3870,0,0,0,0,0,0,0,0,0,0,0,0,0,1,1,0,0,0,0,0
HTID1241,CTID1241,2026-05-23,"I00018, I00007, I00012, I00006",2250,850,3100,0,0,0,0,0,1,1,0,0,0,0,1,0,0,0,0,0,1,0,0
HTID1242,CTID1242,2026-05-24,"I00008, I00010, I00004, I00020",4700,3900,8600,0,0,0,1,0,0,0,1,0,1,0,0,0,0,0,0,0,0,0,1
HTID1243,CTID1243,2026-05-24,"I00006, I00007",100,700,800,0,0,0,0,0,1,1,0,0,0,0,0,0,0,0,0,0,0,0,0
HTID1244,CTID1244,2026-05-24,"I00009, I00007, I00003, I00020",3510,3250,6760,0,0,1,0,0,0,1,0,1,0,0,0,0,0,0,0,0,0,0,1
HTID1245,CTID1245,2026-05-25,"I00001, I00013, I00009",1880,1100,2980,1,0,0,0,0,0,0,0,1,0,0,0,1,0,0,0,0,0,0,0
HTID1246,CTID1246,2026-05-25,I00005,50,5250,5300,0,0,0,0,1,0,0,0,0,0,0,0,0,0,0,0,0,0,0,0
HTID1247,CTID1247,2026-05-25,"I00004, I00010, I00015",4050,1100,5150,0,0,0,1,0,0,0,0,0,1,0,0,0,0,1,0,0,0,0,0
HTID1248,CTID1248,2026-05-26,"I00013, I00017",95,1100,1195,0,0,0,0,0,0,0,0,0,0,0,0,1,0,0,0,1,0,0,0
HTID1249,CTID1249,2026-05-26,"I00015, I00012, I00006, I00009, I00005",2440,2100,4540,0,0,0,0,1,1,0,0,1,0,0,1,0,0,1,0,0,0,0,0
HTID1250,CTID1250,2026-05-26,I00008,250,950,1200,0,0,0,0,0,0,0,1,0,0,0,0,0,0,0,0,0,0,0,0
HTID1251,CTID1251,2026-05-27,"I00012, I00014, I00001, I00013, I00019",3700,800,4500,1,0,0,0,0,0,0,0,0,0,0,1,1,1,0,0,0,0,1,0
HTID1252,CTID1252,2026-05-27,"I00014, I00018",470,800,1270,0,0,0,0,0,0,0,0,0,0,0,0,0,1,0,0,0,1,0,0
HTID1253,CTID1253,2026-05-27,"I00020, I00019",850,1550,2400,0,0,0,0,0,0,0,0,0,0,0,0,0,0,0,0,0,0,1,1
HTID1254,CTID1254,2026-05-28,"I00007, I00012",1860,650,2510,0,0,0,0,0,0,1,0,0,0,0,1,0,0,0,0,0,0,0,0
HTID1255,CTID1255,2026-05-28,I00010,2000,1250,3250,0,0,0,0,0,0,0,0,0,1,0,0,0,0,0,0,0,0,0,0
HTID1256,CTID1256,2026-05-28,"I00017, I00007",75,350,425,0,0,0,0,0,0,1,0,0,0,0,0,0,0,0,0,1,0,0,0
HTID1257,CTID1257,2026-05-29,"I00006, I00003, I00014, I00001, I00008, I00018",4760,1100,5860,1,0,1,0,0,1,0,1,0,0,0,0,0,1,0,0,0,1,0,0
HTID1258,CTID1258,2026-05-29,"I00002, I00013, I00003, I00005, I00007",3890,3700,7590,0,1,1,0,1,0,1,0,0,0,0,0,1,0,0,0,0,0,0,0
HTID1259,CTID1259,2026-05-29,"I00010, I00020, I00005, I00002, I00004, I00015",5950,2500,8450,0,1,0,1,1,0,0,0,0,1,0,0,0,0,1,0,0,0,0,1
HTID1260,CTID1260,2026-05-30,"I00015, I00003, I00009, I00012, I00004, I00013",6730,7350,14080,0,0,1,1,0,0,0,0,1,0,0,1,1,0,1,0,0,0,0,0
HTID1261,CTID1261,2026-05-30,"I00014, I00009, I00006",460,800,1260,0,0,0,0,0,1,0,0,1,0,0,0,0,1,0,0,0,0,0,0
HTID1262,CTID1262,2026-05-30,"I00013, I00010",2080,850,2930,0,0,0,0,0,0,0,0,0,1,0,0,1,0,0,0,0,0,0,0
HTID1263,CTID1263,2026-05-31,"I00009, I00018",650,4600,5250,0,0,0,0,0,0,0,0,1,0,0,0,0,0,0,0,0,1,0,0
HTID1264,CTID1264,2026-05-31,"I00014, I00005, I00017, I00004, I00019",2185,300,2485,0,0,0,1,1,0,0,0,0,0,0,0,0,1,0,0,1,0,1,0
HTID1265,CTID1265,2026-05-31,"I00010, I00012, I00009, I00017",4115,2500,6615,0,0,0,0,0,0,0,0,1,1,0,1,0,0,0,0,1,0,0,0
HTID1266,CTID1266,2026-06-01,"I00008, I00020",900,1100,2000,0,0,0,0,0,0,0,1,0,0,0,0,0,0,0,0,0,0,0,1
HTID1267,CTID1267,2026-06-01,"I00016, I00015, I00011, I00008",3050,4250,7300,0,0,0,0,0,0,0,1,0,0,1,0,0,0,1,1,0,0,0,0
HTID1268,CTID1268,2026-06-01,"I00011, I00001, I00005, I00019, I00007",4310,1150,5460,1,0,0,0,1,0,1,0,0,0,1,0,0,0,0,0,0,0,1,0
HTID1269,CTID1269,2026-06-02,"I00009, I00010, I00011, I00003, I00016, I00018",7700,5350,13050,0,0,1,0,0,0,0,0,1,1,1,0,0,0,0,1,0,1,0,0
HTID1270,CTID1270,2026-06-02,"I00011, I00005, I00012, I00003",6850,7500,14350,0,0,1,0,1,0,0,0,0,0,1,1,0,0,0,0,0,0,0,0
HTID1271,CTID1271,2026-06-02,"I00018, I00006, I00008, I00019, I00004, I00007",2700,400,3100,0,0,0,1,0,1,1,1,0,0,0,0,0,0,0,0,0,1,1,0
HTID1272,CTID1272,2026-06-03,"I00019, I00016, I00002, I00017, I00004",3265,1350,4615,0,1,0,1,0,0,0,0,0,0,0,0,0,0,0,1,1,0,1,0
HTID1273,CTID1273,2026-06-03,"I00001, I00016, I00010",3550,1300,4850,1,0,0,0,0,0,0,0,0,1,0,0,0,0,0,1,0,0,0,0
HTID1274,CTID1274,2026-06-03,"I00009, I00019, I00003, I00010, I00001, I00007",6560,300,6860,1,0,1,0,0,0,1,0,1,1,0,0,0,0,0,0,0,0,1,0
HTID1275,CTID1275,2026-06-04,"I00008, I00020, I00005",950,5800,6750,0,0,0,0,1,0,0,1,0,0,0,0,0,0,0,0,0,0,0,1
HTID1276,CTID1276,2026-06-04,"I00014, I00010, I00003, I00015",4870,700,5570,0,0,1,0,0,0,0,0,0,1,0,0,0,1,1,0,0,0,0,0
HTID1277,CTID1277,2026-06-04,"I00011, I00016, I00001, I00003",6550,500,7050,1,0,1,0,0,0,0,0,0,0,1,0,0,0,0,1,0,0,0,0
HTID1278,CTID1278,2026-06-05,"I00014, I00019, I00012, I00002, I00017, I00003",5835,4500,10335,0,1,1,0,0,0,0,0,0,0,0,1,0,1,0,0,1,0,1,0
HTID1279,CTID1279,2026-06-05,"I00004, I00016, I00010, I00020, I00006",4540,6800,11340,0,0,0,1,0,1,0,0,0,1,0,0,0,0,0,1,0,0,0,1
HTID1280,CTID1280,2026-06-05,"I00002, I00017, I00015, I00016, I00006, I00008",1805,1950,3755,0,1,0,0,0,1,0,1,0,0,0,0,0,0,1,1,1,0,0,0
HTID1281,CTID1281,2026-06-06,I00009,300,3700,4000,0,0,0,0,0,0,0,0,1,0,0,0,0,0,0,0,0,0,0,0
HTID1282,CTID1282,2026-06-06,"I00002, I00009, I00012, I00013",3380,3350,6730,0,1,0,0,0,0,0,0,1,0,0,1,1,0,0,0,0,0,0,0
HTID1283,CTID1283,2026-06-06,"I00018, I00001, I00010, I00014",3970,650,4620,1,0,0,0,0,0,0,0,0,1,0,0,0,1,0,0,0,1,0,0
HTID1284,CTID1284,2026-06-07,"I00001, I00019, I00002, I00018",3250,250,3500,1,1,0,0,0,0,0,0,0,0,0,0,0,0,0,0,0,1,1,0
HTID1285,CTID1285,2026-06-07,I00002,1200,300,1500,0,1,0,0,0,0,0,0,0,0,0,0,0,0,0,0,0,0,0,0
HTID1286,CTID1286,2026-06-07,"I00008, I00015, I00012, I00007, I00011, I00009",5160,3500,8660,0,0,0,0,0,0,1,1,1,0,1,1,0,0,1,0,0,0,0,0
HTID1287,CTID1287,2026-06-08,"I00014, I00006",160,1150,1310,0,0,0,0,0,1,0,0,0,0,0,0,0,1,0,0,0,0,0,0
HTID1288,CTID1288,2026-06-08,"I00010, I00017, I00020, I00001, I00013, I00008",4495,7000,11495,1,0,0,0,0,0,0,1,0,1,0,0,1,0,0,0,1,0,0,1
HTID1289,CTID1289,2026-06-08,"I00005, I00020",700,250,950,0,0,0,0,1,0,0,0,0,0,0,0,0,0,0,0,0,0,0,1
HTID1290,CTID1290,2026-06-09,"I00013, I00004, I00011, I00015",4630,1150,5780,0,0,0,1,0,0,0,0,0,0,1,0,1,0,1,0,0,0,0,0
HTID1291,CTID1291,2026-06-09,"I00019, I00003",2700,300,3000,0,0,1,0,0,0,0,0,0,0,0,0,0,0,0,0,0,0,1,0
HTID1292,CTID1292,2026-06-09,"I00015, I00001, I00014, I00003, I00005",4420,800,5220,1,0,1,0,1,0,0,0,0,0,0,0,0,1,1,0,0,0,0,0
HTID1293,CTID1293,2026-06-10,"I00011, I00009, I00001, I00020, I00012, I00004",8550,350,8900,1,0,0,1,0,0,0,0,1,0,1,1,0,0,0,0,0,0,0,1
HTID1294,CTID1294,2026-06-10,I00016,50,1600,1650,0,0,0,0,0,0,0,0,0,0,0,0,0,0,0,1,0,0,0,0
HTID1295,CTID1295,2026-06-10,"I00004, I00014, I00017, I00011",4435,1100,5535,0,0,0,1,0,0,0,0,0,0,1,0,0,1,0,0,1,0,0,0
HTID1296,CTID1296,2026-06-11,"I00010, I00004, I00018, I00016, I00009, I00001",6000,3000,9000,1,0,0,1,0,0,0,0,1,1,0,0,0,0,0,1,0,1,0,0
HTID1297,CTID1297,2026-06-11,"I00006, I00003, I00015",2790,300,3090,0,0,1,0,0,1,0,0,0,0,0,0,0,0,1,0,0,0,0,0
HTID1298,CTID1298,2026-06-11,"I00020, I00012",2450,850,3300,0,0,0,0,0,0,0,0,0,0,0,1,0,0,0,0,0,0,0,1
HTID1299,CTID1299,2026-06-12,I00003,2500,600,3100,0,0,1,0,0,0,0,0,0,0,0,0,0,0,0,0,0,0,0,0
HTID1300,CTID1300,2026-06-12,"I00009, I00002, I00001, I00018, I00017",3365,4350,7715,1,1,0,0,0,0,0,0,1,0,0,0,0,0,0,0,1,1,0,0
HTID1301,CTID1301,2026-06-12,"I00002, I00018, I00005, I00014",1720,5150,6870,0,1,0,0,1,0,0,0,0,0,0,0,0,1,0,0,0,1,0,0
HTID1302,CTID1302,2026-06-13,"I00003, I00013, I00004, I00012, I00016",6230,250,6480,0,0,1,1,0,0,0,0,0,0,0,1,1,0,0,1,0,0,0,0
HTID1303,CTID1303,2026-06-13,"I00002, I00015, I00007, I00006",1550,550,2100,0,1,0,0,0,1,1,0,0,0,0,0,0,0,1,0,0,0,0,0
HTID1304,CTID1304,2026-06-13,"I00010, I00018",2350,3500,5850,0,0,0,0,0,0,0,0,0,1,0,0,0,0,0,0,0,1,0,0
HTID1305,CTID1305,2026-06-14,"I00007, I00001",1560,5800,7360,1,0,0,0,0,0,1,0,0,0,0,0,0,0,0,0,0,0,0,0
HTID1306,CTID1306,2026-06-14,I00008,250,4350,4600,0,0,0,0,0,0,0,1,0,0,0,0,0,0,0,0,0,0,0,0
HTID1307,CTID1307,2026-06-14,"I00009, I00007",360,3150,3510,0,0,0,0,0,0,1,0,1,0,0,0,0,0,0,0,0,0,0,0
HTID1308,CTID1308,2026-06-15,"I00007, I00001, I00016",1610,5050,6660,1,0,0,0,0,0,1,0,0,0,0,0,0,0,0,1,0,0,0,0
HTID1309,CTID1309,2026-06-15,"I00002, I00017, I00020",1865,3150,5015,0,1,0,0,0,0,0,0,0,0,0,0,0,0,0,0,1,0,0,1
HTID1310,CTID1310,2026-06-15,"I00010, I00013, I00001, I00016, I00014, I00011",6250,600,6850,1,0,0,0,0,0,0,0,0,1,1,0,1,1,0,1,0,0,0,0
HTID1311,CTID1311,2026-06-16,"I00010, I00009, I00002",3500,1500,5000,0,1,0,0,0,0,0,0,1,1,0,0,0,0,0,0,0,0,0,0
HTID1312,CTID1312,2026-06-16,I00001,1500,3650,5150,1,0,0,0,0,0,0,0,0,0,0,0,0,0,0,0,0,0,0,0
HTID1313,CTID1313,2026-06-16,"I00007, I00010, I00009",2360,3500,5860,0,0,0,0,0,0,1,0,1,1,0,0,0,0,0,0,0,0,0,0
HTID1314,CTID1314,2026-06-17,I00003,2500,800,3300,0,0,1,0,0,0,0,0,0,0,0,0,0,0,0,0,0,0,0,0
HTID1315,CTID1315,2026-06-17,"I00014, I00005, I00019",370,350,720,0,0,0,0,1,0,0,0,0,0,0,0,0,1,0,0,0,0,1,0
HTID1316,CTID1316,2026-06-17,"I00009, I00012, I00006, I00005",2190,3950,6140,0,0,0,0,1,1,0,0,1,0,0,1,0,0,0,0,0,0,0,0
HTID1317,CTID1317,2026-06-18,"I00005, I00016",100,650,750,0,0,0,0,1,0,0,0,0,0,0,0,0,0,0,1,0,0,0,0
HTID1318,CTID1318,2026-06-18,"I00012, I00007, I00020",2510,1750,4260,0,0,0,0,0,0,1,0,0,0,0,1,0,0,0,0,0,0,0,1
HTID1319,CTID1319,2026-06-18,"I00015, I00011, I00016, I00006",2840,3000,5840,0,0,0,0,0,1,0,0,0,0,1,0,0,0,1,1,0,0,0,0
HTID1320,CTID1320,2026-06-19,"I00011, I00016, I00013, I00017",2645,350,2995,0,0,0,0,0,0,0,0,0,0,1,0,1,0,0,1,1,0,0,0
HTID1321,CTID1321,2026-06-19,I00006,40,3000,3040,0,0,0,0,0,1,0,0,0,0,0,0,0,0,0,0,0,0,0,0
HTID1322,CTID1322,2026-06-19,"I00020, I00004, I00019, I00014",2770,5300,8070,0,0,0,1,0,0,0,0,0,0,0,0,0,1,0,0,0,0,1,1
HTID1323,CTID1323,2026-06-20,"I00006, I00017",55,4500,4555,0,0,0,0,0,1,0,0,0,0,0,0,0,0,0,0,1,0,0,0
HTID1324,CTID1324,2026-06-20,"I00007, I00005, I00009, I00018, I00004, I00012",4360,350,4710,0,0,0,1,1,0,1,0,1,0,0,1,0,0,0,0,0,1,0,0
HTID1325,CTID1325,2026-06-20,"I00011, I00010, I00006, I00020",5190,2850,8040,0,0,0,0,0,1,0,0,0,1,1,0,0,0,0,0,0,0,0,1
HTID1326,CTID1326,2026-06-21,"I00011, I00002, I00008, I00020, I00007, I00016",4710,10500,15210,0,1,0,0,0,0,1,1,0,0,1,0,0,0,0,1,0,0,0,1
HTID1327,CTID1327,2026-06-21,"I00001, I00019, I00015, I00016, I00014",2120,650,2770,1,0,0,0,0,0,0,0,0,0,0,0,0,1,1,1,0,0,1,0
HTID1328,CTID1328,2026-06-21,"I00007, I00020, I00009, I00005",1060,1350,2410,0,0,0,0,1,0,1,0,1,0,0,0,0,0,0,0,0,0,0,1
HTID1329,CTID1329,2026-06-22,"I00004, I00017, I00008",2065,250,2315,0,0,0,1,0,0,0,1,0,0,0,0,0,0,0,0,1,0,0,0
HTID1330,CTID1330,2026-06-22,"I00017, I00016, I00020, I00019",915,1200,2115,0,0,0,0,0,0,0,0,0,0,0,0,0,0,0,1,1,0,1,1
HTID1331,CTID1331,2026-06-22,"I00015, I00010, I00018",2600,2500,5100,0,0,0,0,0,0,0,0,0,1,0,0,0,0,1,0,0,1,0,0
HTID1332,CTID1332,2026-06-23,"I00012, I00014, I00008, I00002, I00019, I00001",5070,350,5420,1,1,0,0,0,0,0,1,0,0,0,1,0,1,0,0,0,0,1,0
HTID1333,CTID1333,2026-06-23,"I00002, I00019, I00016, I00013, I00006, I00017",1585,4000,5585,0,1,0,0,0,1,0,0,0,0,0,0,1,0,0,1,1,0,1,0
HTID1334,CTID1334,2026-06-23,"I00015, I00019, I00003, I00014, I00004",4870,3500,8370,0,0,1,1,0,0,0,0,0,0,0,0,0,1,1,0,0,0,1,0
HTID1335,CTID1335,2026-06-24,I00003,2500,650,3150,0,0,1,0,0,0,0,0,0,0,0,0,0,0,0,0,0,0,0,0
HTID1336,CTID1336,2026-06-24,"I00016, I00003, I00014, I00001",4170,650,4820,1,0,1,0,0,0,0,0,0,0,0,0,0,1,0,1,0,0,0,0
HTID1337,CTID1337,2026-06-24,"I00001, I00004",3300,5000,8300,1,0,0,1,0,0,0,0,0,0,0,0,0,0,0,0,0,0,0,0
HTID1338,CTID1338,2026-06-25,"I00016, I00006, I00010, I00005, I00001",3640,5150,8790,1,0,0,0,1,1,0,0,0,1,0,0,0,0,0,1,0,0,0,0
HTID1339,CTID1339,2026-06-25,"I00012, I00002, I00007",3060,3200,6260,0,1,0,0,0,0,1,0,0,0,0,1,0,0,0,0,0,0,0,0
HTID1340,CTID1340,2026-06-25,"I00002, I00019",1400,8000,9400,0,1,0,0,0,0,0,0,0,0,0,0,0,0,0,0,0,0,1,0
HTID1341,CTID1341,2026-06-26,"I00008, I00011, I00005, I00006",2840,500,3340,0,0,0,0,1,1,0,1,0,0,1,0,0,0,0,0,0,0,0,0
HTID1342,CTID1342,2026-06-26,"I00011, I00014",2620,1550,4170,0,0,0,0,0,0,0,0,0,0,1,0,0,1,0,0,0,0,0,0
HTID1343,CTID1343,2026-06-26,I00007,60,1200,1260,0,0,0,0,0,0,1,0,0,0,0,0,0,0,0,0,0,0,0,0
HTID1344,CTID1344,2026-06-27,"I00020, I00009, I00008, I00017, I00016",1265,4750,6015,0,0,0,0,0,0,0,1,1,0,0,0,0,0,0,1,1,0,0,1
HTID1345,CTID1345,2026-06-27,I00012,1800,3000,4800,0,0,0,0,0,0,0,0,0,0,0,1,0,0,0,0,0,0,0,0
HTID1346,CTID1346,2026-06-27,"I00020, I00002",1850,9500,11350,0,1,0,0,0,0,0,0,0,0,0,0,0,0,0,0,0,0,0,1
HTID1347,CTID1347,2026-06-28,I00003,2500,5000,7500,0,0,1,0,0,0,0,0,0,0,0,0,0,0,0,0,0,0,0,0
HTID1348,CTID1348,2026-06-28,I00001,1500,5000,6500,1,0,0,0,0,0,0,0,0,0,0,0,0,0,0,0,0,0,0,0
HTID1349,CTID1349,2026-06-28,"I00001, I00009, I00013, I00016, I00012",3730,3500,7230,1,0,0,0,0,0,0,0,1,0,0,1,1,0,0,1,0,0,0,0
HTID1350,CTID1350,2026-06-29,"I00012, I00009, I00018",2450,500,2950,0,0,0,0,0,0,0,0,1,0,0,1,0,0,0,0,0,1,0,0
HTID1351,CTID1351,2026-06-29,"I00019, I00014, I00005",370,1600,1970,0,0,0,0,1,0,0,0,0,0,0,0,0,1,0,0,0,0,1,0
HTID1352,CTID1352,2026-06-29,"I00018, I00012, I00019, I00004, I00011, I00001",8150,700,8850,1,0,0,1,0,0,0,0,0,0,1,1,0,0,0,0,0,1,1,0
HTID1353,CTID1353,2026-06-30,"I00014, I00001, I00015",1870,3450,5320,1,0,0,0,0,0,0,0,0,0,0,0,0,1,1,0,0,0,0,0
HTID1354,CTID1354,2026-06-30,"I00014, I00006, I00009, I00010, I00016",2510,7250,9760,0,0,0,0,0,1,0,0,1,1,0,0,0,1,0,1,0,0,0,0
HTID1355,CTID1355,2026-06-30,"I00019, I00010, I00013, I00005, I00002",3530,700,4230,0,1,0,0,1,0,0,0,0,1,0,0,1,0,0,0,0,0,1,0
HTID1356,CTID1356,2026-07-01,"I00002, I00003, I00014, I00012",5620,1800,7420,0,1,1,0,0,0,0,0,0,0,0,1,0,1,0,0,0,0,0,0
HTID1357,CTID1357,2026-07-01,"I00003, I00005, I00018",2900,800,3700,0,0,1,0,1,0,0,0,0,0,0,0,0,0,0,0,0,1,0,0
HTID1358,CTID1358,2026-07-01,"I00012, I00005, I00009",2150,300,2450,0,0,0,0,1,0,0,0,1,0,0,1,0,0,0,0,0,0,0,0
HTID1359,CTID1359,2026-07-02,"I00001, I00006, I00005, I00019, I00020",2440,4750,7190,1,0,0,0,1,1,0,0,0,0,0,0,0,0,0,0,0,0,1,1
HTID1360,CTID1360,2026-07-02,"I00004, I00009, I00001",3600,1050,4650,1,0,0,1,0,0,0,0,1,0,0,0,0,0,0,0,0,0,0,0
HTID1361,CTID1361,2026-07-02,"I00018, I00004, I00020",2800,1600,4400,0,0,0,1,0,0,0,0,0,0,0,0,0,0,0,0,0,1,0,1
HTID1362,CTID1362,2026-07-03,I00006,40,550,590,0,0,0,0,0,1,0,0,0,0,0,0,0,0,0,0,0,0,0,0
HTID1363,CTID1363,2026-07-03,"I00017, I00016",65,4650,4715,0,0,0,0,0,0,0,0,0,0,0,0,0,0,0,1,1,0,0,0
HTID1364,CTID1364,2026-07-03,"I00020, I00016",700,300,1000,0,0,0,0,0,0,0,0,0,0,0,0,0,0,0,1,0,0,0,1
HTID1365,CTID1365,2026-07-04,"I00002, I00017, I00006",1255,3800,5055,0,1,0,0,0,1,0,0,0,0,0,0,0,0,0,0,1,0,0,0
HTID1366,CTID1366,2026-07-04,I00010,2000,2000,4000,0,0,0,0,0,0,0,0,0,1,0,0,0,0,0,0,0,0,0,0
HTID1367,CTID1367,2026-07-04,"I00011, I00020",3150,700,3850,0,0,0,0,0,0,0,0,0,0,1,0,0,0,0,0,0,0,0,1
HTID1368,CTID1368,2026-07-05,I00001,1500,2250,3750,1,0,0,0,0,0,0,0,0,0,0,0,0,0,0,0,0,0,0,0
HTID1369,CTID1369,2026-07-05,"I00010, I00011",4500,4500,9000,0,0,0,0,0,0,0,0,0,1,1,0,0,0,0,0,0,0,0,0
HTID1370,CTID1370,2026-07-05,"I00005, I00015, I00019, I00014",620,3150,3770,0,0,0,0,1,0,0,0,0,0,0,0,0,1,1,0,0,0,1,0
HTID1371,CTID1371,2026-07-06,I00010,2000,5550,7550,0,0,0,0,0,0,0,0,0,1,0,0,0,0,0,0,0,0,0,0
HTID1372,CTID1372,2026-07-06,I00018,350,4850,5200,0,0,0,0,0,0,0,0,0,0,0,0,0,0,0,0,0,1,0,0
HTID1373,CTID1373,2026-07-06,"I00007, I00002",1260,500,1760,0,1,0,0,0,0,1,0,0,0,0,0,0,0,0,0,0,0,0,0
HTID1374,CTID1374,2026-07-07,"I00019, I00004, I00001, I00014, I00016, I00007",3730,1950,5680,1,0,0,1,0,0,1,0,0,0,0,0,0,1,0,1,0,0,1,0
HTID1375,CTID1375,2026-07-07,"I00001, I00004, I00020",3950,3000,6950,1,0,0,1,0,0,0,0,0,0,0,0,0,0,0,0,0,0,0,1
HTID1376,CTID1376,2026-07-07,"I00001, I00014, I00019",1820,1000,2820,1,0,0,0,0,0,0,0,0,0,0,0,0,1,0,0,0,0,1,0
HTID1377,CTID1377,2026-07-08,I00020,650,4100,4750,0,0,0,0,0,0,0,0,0,0,0,0,0,0,0,0,0,0,0,1
HTID1378,CTID1378,2026-07-08,"I00020, I00006, I00015, I00017, I00010",2955,7500,10455,0,0,0,0,0,1,0,0,0,1,0,0,0,0,1,0,1,0,0,1
HTID1379,CTID1379,2026-07-08,"I00010, I00013",2080,600,2680,0,0,0,0,0,0,0,0,0,1,0,0,1,0,0,0,0,0,0,0
HTID1380,CTID1380,2026-07-09,I00001,1500,350,1850,1,0,0,0,0,0,0,0,0,0,0,0,0,0,0,0,0,0,0,0
HTID1381,CTID1381,2026-07-09,"I00014, I00007, I00012, I00020",2630,3000,5630,0,0,0,0,0,0,1,0,0,0,0,1,0,1,0,0,0,0,0,1
HTID1382,CTID1382,2026-07-09,"I00009, I00006",340,6300,6640,0,0,0,0,0,1,0,0,1,0,0,0,0,0,0,0,0,0,0,0
HTID1383,CTID1383,2026-07-10,"I00018, I00019, I00010, I00003",5050,800,5850,0,0,1,0,0,0,0,0,0,1,0,0,0,0,0,0,0,1,1,0
HTID1384,CTID1384,2026-07-10,"I00004, I00006",1840,1350,3190,0,0,0,1,0,1,0,0,0,0,0,0,0,0,0,0,0,0,0,0
HTID1385,CTID1385,2026-07-10,I00013,80,5750,5830,0,0,0,0,0,0,0,0,0,0,0,0,1,0,0,0,0,0,0,0
HTID1386,CTID1386,2026-07-11,"I00016, I00004",1850,350,2200,0,0,0,1,0,0,0,0,0,0,0,0,0,0,0,1,0,0,0,0
HTID1387,CTID1387,2026-07-11,"I00010, I00014, I00013, I00008, I00007",2510,3700,6210,0,0,0,0,0,0,1,1,0,1,0,0,1,1,0,0,0,0,0,0
HTID1388,CTID1388,2026-07-11,"I00005, I00011, I00014, I00017, I00015, I00008",3185,1900,5085,0,0,0,0,1,0,0,1,0,0,1,0,0,1,1,0,1,0,0,0
HTID1389,CTID1389,2026-07-12,"I00010, I00009, I00007, I00016, I00003",4910,3900,8810,0,0,1,0,0,0,1,0,1,1,0,0,0,0,0,1,0,0,0,0
HTID1390,CTID1390,2026-07-12,"I00020, I00018, I00002, I00015",2450,5800,8250,0,1,0,0,0,0,0,0,0,0,0,0,0,0,1,0,0,1,0,1
HTID1391,CTID1391,2026-07-12,"I00018, I00017, I00009, I00010, I00016",2715,1800,4515,0,0,0,0,0,0,0,0,1,1,0,0,0,0,0,1,1,1,0,0
HTID1392,CTID1392,2026-07-13,I00008,250,1050,1300,0,0,0,0,0,0,0,1,0,0,0,0,0,0,0,0,0,0,0,0
HTID1393,CTID1393,2026-07-13,"I00017, I00019, I00002, I00020, I00006, I00012",3905,1200,5105,0,1,0,0,0,1,0,0,0,0,0,1,0,0,0,0,1,0,1,1
HTID1394,CTID1394,2026-07-13,"I00003, I00001, I00002, I00018, I00013",5630,1500,7130,1,1,1,0,0,0,0,0,0,0,0,0,1,0,0,0,0,1,0,0
HTID1395,CTID1395,2026-07-14,"I00001, I00014",1620,2500,4120,1,0,0,0,0,0,0,0,0,0,0,0,0,1,0,0,0,0,0,0
HTID1396,CTID1396,2026-07-14,"I00015, I00007, I00019, I00013, I00009",890,1850,2740,0,0,0,0,0,0,1,0,1,0,0,0,1,0,1,0,0,0,1,0
HTID1397,CTID1397,2026-07-14,I00009,300,800,1100,0,0,0,0,0,0,0,0,1,0,0,0,0,0,0,0,0,0,0,0
HTID1398,CTID1398,2026-07-15,"I00008, I00006, I00001, I00011",4290,300,4590,1,0,0,0,0,1,0,1,0,0,1,0,0,0,0,0,0,0,0,0
HTID1399,CTID1399,2026-07-15,I00001,1500,6500,8000,1,0,0,0,0,0,0,0,0,0,0,0,0,0,0,0,0,0,0,0
HTID1400,CTID1400,2026-07-15,I00004,1800,750,2550,0,0,0,1,0,0,0,0,0,0,0,0,0,0,0,0,0,0,0,0
HTID1401,CTID1401,2026-07-16,"I00003, I00005, I00015",2800,1750,4550,0,0,1,0,1,0,0,0,0,0,0,0,0,0,1,0,0,0,0,0
HTID1402,CTID1402,2026-07-16,"I00019, I00006, I00010, I00007, I00005",2350,4050,6400,0,0,0,0,1,1,1,0,0,1,0,0,0,0,0,0,0,0,1,0
HTID1403,CTID1403,2026-07-16,I00008,250,6500,6750,0,0,0,0,0,0,0,1,0,0,0,0,0,0,0,0,0,0,0,0
HTID1404,CTID1404,2026-07-17,I00013,80,950,1030,0,0,0,0,0,0,0,0,0,0,0,0,1,0,0,0,0,0,0,0
HTID1405,CTID1405,2026-07-17,"I00012, I00015",2050,4100,6150,0,0,0,0,0,0,0,0,0,0,0,1,0,0,1,0,0,0,0,0
HTID1406,CTID1406,2026-07-17,"I00011, I00015, I00017",2765,1050,3815,0,0,0,0,0,0,0,0,0,0,1,0,0,0,1,0,1,0,0,0
HTID1407,CTID1407,2026-07-18,"I00018, I00002, I00016, I00007, I00009",1960,2750,4710,0,1,0,0,0,0,1,0,1,0,0,0,0,0,0,1,0,1,0,0
HTID1408,CTID1408,2026-07-18,"I00020, I00007",710,3750,4460,0,0,0,0,0,0,1,0,0,0,0,0,0,0,0,0,0,0,0,1
HTID1409,CTID1409,2026-07-18,"I00020, I00001, I00002",3350,2050,5400,1,1,0,0,0,0,0,0,0,0,0,0,0,0,0,0,0,0,0,1
HTID1410,CTID1410,2026-07-19,"I00015, I00001, I00005, I00018, I00020",2800,600,3400,1,0,0,0,1,0,0,0,0,0,0,0,0,0,1,0,0,1,0,1
HTID1411,CTID1411,2026-07-19,"I00017, I00005, I00013, I00007",205,5000,5205,0,0,0,0,1,0,1,0,0,0,0,0,1,0,0,0,1,0,0,0
HTID1412,CTID1412,2026-07-19,"I00005, I00011, I00012, I00017, I00004, I00003",8665,700,9365,0,0,1,1,1,0,0,0,0,0,1,1,0,0,0,0,1,0,0,0
HTID1413,CTID1413,2026-07-20,"I00009, I00014",420,650,1070,0,0,0,0,0,0,0,0,1,0,0,0,0,1,0,0,0,0,0,0
HTID1414,CTID1414,2026-07-20,"I00003, I00011",5000,5850,10850,0,0,1,0,0,0,0,0,0,0,1,0,0,0,0,0,0,0,0,0
HTID1415,CTID1415,2026-07-20,"I00002, I00008, I00009, I00005, I00017",1815,3300,5115,0,1,0,0,1,0,0,1,1,0,0,0,0,0,0,0,1,0,0,0
HTID1416,CTID1416,2026-07-21,I00017,15,7000,7015,0,0,0,0,0,0,0,0,0,0,0,0,0,0,0,0,1,0,0,0
HTID1417,CTID1417,2026-07-21,"I00011, I00012, I00017",4315,800,5115,0,0,0,0,0,0,0,0,0,0,1,1,0,0,0,0,1,0,0,0
HTID1418,CTID1418,2026-07-21,"I00017, I00009",315,650,965,0,0,0,0,0,0,0,0,1,0,0,0,0,0,0,0,1,0,0,0
HTID1419,CTID1419,2026-07-22,"I00013, I00002",1280,250,1530,0,1,0,0,0,0,0,0,0,0,0,0,1,0,0,0,0,0,0,0
HTID1420,CTID1420,2026-07-22,"I00012, I00008, I00014",2170,1200,3370,0,0,0,0,0,0,0,1,0,0,0,1,0,1,0,0,0,0,0,0
HTID1421,CTID1421,2026-07-22,"I00001, I00003, I00011",6500,3650,10150,1,0,1,0,0,0,0,0,0,0,1,0,0,0,0,0,0,0,0,0
HTID1422,CTID1422,2026-07-23,"I00004, I00018, I00005, I00019",2400,1100,3500,0,0,0,1,1,0,0,0,0,0,0,0,0,0,0,0,0,1,1,0
HTID1423,CTID1423,2026-07-23,"I00008, I00012",2050,3000,5050,0,0,0,0,0,0,0,1,0,0,0,1,0,0,0,0,0,0,0,0
HTID1424,CTID1424,2026-07-23,"I00013, I00001, I00012, I00005, I00016, I00018",3830,650,4480,1,0,0,0,1,0,0,0,0,0,0,1,1,0,0,1,0,1,0,0
HTID1425,CTID1425,2026-07-24,"I00016, I00012, I00020, I00006, I00001, I00015",4290,3000,7290,1,0,0,0,0,1,0,0,0,0,0,1,0,0,1,1,0,0,0,1
HTID1426,CTID1426,2026-07-24,I00014,120,2500,2620,0,0,0,0,0,0,0,0,0,0,0,0,0,1,0,0,0,0,0,0
HTID1427,CTID1427,2026-07-24,"I00009, I00017",315,700,1015,0,0,0,0,0,0,0,0,1,0,0,0,0,0,0,0,1,0,0,0
HTID1428,CTID1428,2026-07-25,"I00018, I00011, I00005, I00001, I00010, I00012",8200,6700,14900,1,0,0,0,1,0,0,0,0,1,1,1,0,0,0,0,0,1,0,0
HTID1429,CTID1429,2026-07-25,"I00018, I00009, I00008, I00005, I00017, I00020",1615,3450,5065,0,0,0,0,1,0,0,1,1,0,0,0,0,0,0,0,1,1,0,1
HTID1430,CTID1430,2026-07-25,"I00007, I00005",110,3500,3610,0,0,0,0,1,0,1,0,0,0,0,0,0,0,0,0,0,0,0,0
HTID1431,CTID1431,2026-07-26,"I00011, I00001, I00013",4080,9200,13280,1,0,0,0,0,0,0,0,0,0,1,0,1,0,0,0,0,0,0,0
HTID1432,CTID1432,2026-07-26,"I00001, I00018, I00017, I00008, I00014, I00020",2885,950,3835,1,0,0,0,0,0,0,1,0,0,0,0,0,1,0,0,1,1,0,1
HTID1433,CTID1433,2026-07-26,"I00001, I00008",1750,1000,2750,1,0,0,0,0,0,0,1,0,0,0,0,0,0,0,0,0,0,0,0
HTID1434,CTID1434,2026-07-27,"I00012, I00019, I00011, I00014, I00016",4670,2500,7170,0,0,0,0,0,0,0,0,0,0,1,1,0,1,0,1,0,0,1,0
HTID1435,CTID1435,2026-07-27,"I00019, I00018, I00006, I00010, I00020, I00003",5740,800,6540,0,0,1,0,0,1,0,0,0,1,0,0,0,0,0,0,0,1,1,1
HTID1436,CTID1436,2026-07-27,"I00015, I00004, I00014",2170,1700,3870,0,0,0,1,0,0,0,0,0,0,0,0,0,1,1,0,0,0,0,0
HTID1437,CTID1437,2026-07-28,I00017,15,4000,4015,0,0,0,0,0,0,0,0,0,0,0,0,0,0,0,0,1,0,0,0
HTID1438,CTID1438,2026-07-28,I00019,200,5500,5700,0,0,0,0,0,0,0,0,0,0,0,0,0,0,0,0,0,0,1,0
HTID1439,CTID1439,2026-07-28,"I00019, I00001",1700,2800,4500,1,0,0,0,0,0,0,0,0,0,0,0,0,0,0,0,0,0,1,0
HTID1440,CTID1440,2026-07-29,"I00010, I00008, I00016",2300,3500,5800,0,0,0,0,0,0,0,1,0,1,0,0,0,0,0,1,0,0,0,0
HTID1441,CTID1441,2026-07-29,"I00019, I00003, I00011, I00009, I00014",5620,2500,8120,0,0,1,0,0,0,0,0,1,0,1,0,0,1,0,0,0,0,1,0
HTID1442,CTID1442,2026-07-29,"I00015, I00006",290,2500,2790,0,0,0,0,0,1,0,0,0,0,0,0,0,0,1,0,0,0,0,0
HTID1443,CTID1443,2026-07-30,"I00001, I00020, I00007",2210,1350,3560,1,0,0,0,0,0,1,0,0,0,0,0,0,0,0,0,0,0,0,1
HTID1444,CTID1444,2026-07-30,"I00014, I00010",2120,3300,5420,0,0,0,0,0,0,0,0,0,1,0,0,0,1,0,0,0,0,0,0
HTID1445,CTID1445,2026-07-30,"I00019, I00012, I00002, I00005",3250,800,4050,0,1,0,0,1,0,0,0,0,0,0,1,0,0,0,0,0,0,1,0
HTID1446,CTID1446,2026-07-31,"I00006, I00017",55,2000,2055,0,0,0,0,0,1,0,0,0,0,0,0,0,0,0,0,1,0,0,0
HTID1447,CTID1447,2026-07-31,"I00002, I00020",1850,150,2000,0,1,0,0,0,0,0,0,0,0,0,0,0,0,0,0,0,0,0,1
HTID1448,CTID1448,2026-07-31,"I00002, I00007, I00013, I00008, I00018, I00016",1990,6800,8790,0,1,0,0,0,0,1,1,0,0,0,0,1,0,0,1,0,1,0,0
HTID1449,CTID1449,2026-08-01,"I00011, I00018",2850,4150,7000,0,0,0,0,0,0,0,0,0,0,1,0,0,0,0,0,0,1,0,0
HTID1450,CTID1450,2026-08-01,"I00001, I00020",2150,1600,3750,1,0,0,0,0,0,0,0,0,0,0,0,0,0,0,0,0,0,0,1
HTID1451,CTID1451,2026-08-01,"I00013, I00018, I00009, I00010",2730,4650,7380,0,0,0,0,0,0,0,0,1,1,0,0,1,0,0,0,0,1,0,0
HTID1452,CTID1452,2026-08-02,I00018,350,3850,4200,0,0,0,0,0,0,0,0,0,0,0,0,0,0,0,0,0,1,0,0
HTID1453,CTID1453,2026-08-02,"I00008, I00017, I00019",465,800,1265,0,0,0,0,0,0,0,1,0,0,0,0,0,0,0,0,1,0,1,0
HTID1454,CTID1454,2026-08-02,"I00012, I00009, I00001, I00016, I00005, I00020",4350,9500,13850,1,0,0,0,1,0,0,0,1,0,0,1,0,0,0,1,0,0,0,1
HTID1455,CTID1455,2026-08-03,"I00010, I00012",3800,3150,6950,0,0,0,0,0,0,0,0,0,1,0,1,0,0,0,0,0,0,0,0
HTID1456,CTID1456,2026-08-03,"I00010, I00002, I00004",5000,750,5750,0,1,0,1,0,0,0,0,0,1,0,0,0,0,0,0,0,0,0,0
HTID1457,CTID1457,2026-08-03,"I00002, I00005, I00008, I00012, I00001, I00006",4840,6800,11640,1,1,0,0,1,1,0,1,0,0,0,1,0,0,0,0,0,0,0,0
HTID1458,CTID1458,2026-08-04,"I00005, I00009, I00014, I00003",2970,5900,8870,0,0,1,0,1,0,0,0,1,0,0,0,0,1,0,0,0,0,0,0
HTID1459,CTID1459,2026-08-04,"I00008, I00002",1450,3200,4650,0,1,0,0,0,0,0,1,0,0,0,0,0,0,0,0,0,0,0,0
HTID1460,CTID1460,2026-08-04,"I00012, I00007, I00002, I00004, I00013, I00008",5190,5800,10990,0,1,0,1,0,0,1,1,0,0,0,1,1,0,0,0,0,0,0,0
HTID1461,CTID1461,2026-08-05,"I00008, I00012, I00011, I00018, I00009, I00010",7200,1850,9050,0,0,0,0,0,0,0,1,1,1,1,1,0,0,0,0,0,1,0,0
HTID1462,CTID1462,2026-08-05,"I00014, I00009, I00013, I00017, I00003",3015,4550,7565,0,0,1,0,0,0,0,0,1,0,0,0,1,1,0,0,1,0,0,0
HTID1463,CTID1463,2026-08-05,"I00003, I00015, I00013, I00018",3180,750,3930,0,0,1,0,0,0,0,0,0,0,0,0,1,0,1,0,0,1,0,0
HTID1464,CTID1464,2026-08-06,"I00008, I00015, I00004, I00016, I00018",2700,350,3050,0,0,0,1,0,0,0,1,0,0,0,0,0,0,1,1,0,1,0,0
HTID1465,CTID1465,2026-08-06,"I00005, I00006, I00018, I00008, I00015",940,1150,2090,0,0,0,0,1,1,0,1,0,0,0,0,0,0,1,0,0,1,0,0
HTID1466,CTID1466,2026-08-06,"I00001, I00019, I00020, I00018",2700,1050,3750,1,0,0,0,0,0,0,0,0,0,0,0,0,0,0,0,0,1,1,1
HTID1467,CTID1467,2026-08-07,"I00003, I00020, I00002",4350,650,5000,0,1,1,0,0,0,0,0,0,0,0,0,0,0,0,0,0,0,0,1
HTID1468,CTID1468,2026-08-07,I00001,1500,500,2000,1,0,0,0,0,0,0,0,0,0,0,0,0,0,0,0,0,0,0,0
HTID1469,CTID1469,2026-08-07,"I00017, I00018, I00003",2865,2500,5365,0,0,1,0,0,0,0,0,0,0,0,0,0,0,0,0,1,1,0,0
HTID1470,CTID1470,2026-08-08,I00011,2500,2500,5000,0,0,0,0,0,0,0,0,0,0,1,0,0,0,0,0,0,0,0,0
HTID1471,CTID1471,2026-08-08,I00010,2000,4400,6400,0,0,0,0,0,0,0,0,0,1,0,0,0,0,0,0,0,0,0,0
HTID1472,CTID1472,2026-08-08,"I00016, I00014, I00013, I00004",2050,1400,3450,0,0,0,1,0,0,0,0,0,0,0,0,1,1,0,1,0,0,0,0
HTID1473,CTID1473,2026-08-09,"I00010, I00017, I00003",4515,1150,5665,0,0,1,0,0,0,0,0,0,1,0,0,0,0,0,0,1,0,0,0
HTID1474,CTID1474,2026-08-09,"I00006, I00008, I00018, I00017",655,250,905,0,0,0,0,0,1,0,1,0,0,0,0,0,0,0,0,1,1,0,0
HTID1475,CTID1475,2026-08-09,"I00001, I00008",1750,3150,4900,1,0,0,0,0,0,0,1,0,0,0,0,0,0,0,0,0,0,0,0
HTID1476,CTID1476,2026-08-10,"I00001, I00020, I00011, I00007",4710,1700,6410,1,0,0,0,0,0,1,0,0,0,1,0,0,0,0,0,0,0,0,1
HTID1477,CTID1477,2026-08-10,"I00013, I00008, I00007, I00020, I00003, I00014",3660,900,4560,0,0,1,0,0,0,1,1,0,0,0,0,1,1,0,0,0,0,0,1
HTID1478,CTID1478,2026-08-10,"I00001, I00005, I00002, I00011, I00020, I00008",6150,3800,9950,1,1,0,0,1,0,0,1,0,0,1,0,0,0,0,0,0,0,0,1
HTID1479,CTID1479,2026-08-11,"I00012, I00017, I00007, I00011, I00013",4455,5500,9955,0,0,0,0,0,0,1,0,0,0,1,1,1,0,0,0,1,0,0,0
HTID1480,CTID1480,2026-08-11,"I00014, I00006, I00001, I00009",1960,4150,6110,1,0,0,0,0,1,0,0,1,0,0,0,0,1,0,0,0,0,0,0
HTID1481,CTID1481,2026-08-11,"I00013, I00005, I00004",1930,1800,3730,0,0,0,1,1,0,0,0,0,0,0,0,1,0,0,0,0,0,0,0
HTID1482,CTID1482,2026-08-12,I00001,1500,5000,6500,1,0,0,0,0,0,0,0,0,0,0,0,0,0,0,0,0,0,0,0
HTID1483,CTID1483,2026-08-12,"I00007, I00018",410,4500,4910,0,0,0,0,0,0,1,0,0,0,0,0,0,0,0,0,0,1,0,0
HTID1484,CTID1484,2026-08-12,I00004,1800,4500,6300,0,0,0,1,0,0,0,0,0,0,0,0,0,0,0,0,0,0,0,0
HTID1485,CTID1485,2026-08-13,"I00012, I00002, I00001",4500,1600,6100,1,1,0,0,0,0,0,0,0,0,0,1,0,0,0,0,0,0,0,0
HTID1486,CTID1486,2026-08-13,"I00012, I00014, I00002",3120,4650,7770,0,1,0,0,0,0,0,0,0,0,0,1,0,1,0,0,0,0,0,0
HTID1487,CTID1487,2026-08-13,"I00010, I00014, I00005",2170,5000,7170,0,0,0,0,1,0,0,0,0,1,0,0,0,1,0,0,0,0,0,0
HTID1488,CTID1488,2026-08-14,"I00009, I00016, I00013",430,3650,4080,0,0,0,0,0,0,0,0,1,0,0,0,1,0,0,1,0,0,0,0
HTID1489,CTID1489,2026-08-14,"I00009, I00010",2300,1550,3850,0,0,0,0,0,0,0,0,1,1,0,0,0,0,0,0,0,0,0,0
HTID1490,CTID1490,2026-08-14,"I00014, I00017, I00010",2135,350,2485,0,0,0,0,0,0,0,0,0,1,0,0,0,1,0,0,1,0,0,0
HTID1491,CTID1491,2026-08-15,"I00015, I00004, I00005, I00012, I00018, I00019",4450,650,5100,0,0,0,1,1,0,0,0,0,0,0,1,0,0,1,0,0,1,1,0
HTID1492,CTID1492,2026-08-15,"I00002, I00004, I00017, I00003, I00019",5715,3600,9315,0,1,1,1,0,0,0,0,0,0,0,0,0,0,0,0,1,0,1,0
